"구분","항목키","행ID","규격","표·조항","조건","현재값","단위","상태","원문값","일치(O/X)","확인자","확인일","비고"
"전압 등급 · 최고 전압 Um","classes","0.6/1","IEC 60502-1:2021 · IEC 60502-2:2014","적용 범위 · 정격 전압 U0/U와 최고 전압 Um","U0/U 0.6/1 kV","1.2","kV","공개자료 일치","","","","",""
"전압 등급 · 최고 전압 Um","classes","1.8/3","IEC 60502-1:2021 · IEC 60502-2:2014","적용 범위 · 정격 전압 U0/U와 최고 전압 Um","U0/U 1.8/3 kV","3.6","kV","공개자료 일치","","","","",""
"전압 등급 · 최고 전압 Um","classes","3.6/6","IEC 60502-1:2021 · IEC 60502-2:2014","적용 범위 · 정격 전압 U0/U와 최고 전압 Um","U0/U 3.6/6 kV","7.2","kV","공개자료 일치","","","","",""
"전압 등급 · 최고 전압 Um","classes","6/10","IEC 60502-1:2021 · IEC 60502-2:2014","적용 범위 · 정격 전압 U0/U와 최고 전압 Um","U0/U 6/10 kV","12","kV","공개자료 일치","","","","",""
"전압 등급 · 최고 전압 Um","classes","8.7/15","IEC 60502-1:2021 · IEC 60502-2:2014","적용 범위 · 정격 전압 U0/U와 최고 전압 Um","U0/U 8.7/15 kV","17.5","kV","공개자료 일치","","","","",""
"전압 등급 · 최고 전압 Um","classes","12/20","IEC 60502-1:2021 · IEC 60502-2:2014","적용 범위 · 정격 전압 U0/U와 최고 전압 Um","U0/U 12/20 kV","24","kV","공개자료 일치","","","","",""
"전압 등급 · 최고 전압 Um","classes","18/30","IEC 60502-1:2021 · IEC 60502-2:2014","적용 범위 · 정격 전압 U0/U와 최고 전압 Um","U0/U 18/30 kV","36","kV","공개자료 일치","","","","",""
"고압 절연 공칭 두께 (XLPE · EPR, 차폐형)","mvInsulation","3.6/6","IEC 60502-2:2014","절연 공칭 두께 표 · 단면적과 무관","3.6/6 kV","2.5","mm","공개자료 일치","","","","",""
"고압 절연 공칭 두께 (XLPE · EPR, 차폐형)","mvInsulation","6/10","IEC 60502-2:2014","절연 공칭 두께 표 · 단면적과 무관","6/10 kV","3.4","mm","공개자료 일치","","","","",""
"고압 절연 공칭 두께 (XLPE · EPR, 차폐형)","mvInsulation","8.7/15","IEC 60502-2:2014","절연 공칭 두께 표 · 단면적과 무관","8.7/15 kV","4.5","mm","공개자료 일치","","","","",""
"고압 절연 공칭 두께 (XLPE · EPR, 차폐형)","mvInsulation","12/20","IEC 60502-2:2014","절연 공칭 두께 표 · 단면적과 무관","12/20 kV","5.5","mm","공개자료 일치","","","","",""
"고압 절연 공칭 두께 (XLPE · EPR, 차폐형)","mvInsulation","18/30","IEC 60502-2:2014","절연 공칭 두께 표 · 단면적과 무관","18/30 kV","8.0","mm","공개자료 일치","","","","",""
"등급별 최소 도체 단면적","minSize","0.6/1","IEC 60502-1:2021 · IEC 60502-2:2014","절연 두께 표의 적용 단면적 범위","0.6/1 kV","1.5","mm²","원문 대조 필요","","","","",""
"등급별 최소 도체 단면적","minSize","1.8/3","IEC 60502-1:2021 · IEC 60502-2:2014","절연 두께 표의 적용 단면적 범위","1.8/3 kV","10","mm²","원문 대조 필요","","","","",""
"등급별 최소 도체 단면적","minSize","3.6/6","IEC 60502-1:2021 · IEC 60502-2:2014","절연 두께 표의 적용 단면적 범위","3.6/6 kV","10","mm²","원문 대조 필요","","","","",""
"등급별 최소 도체 단면적","minSize","6/10","IEC 60502-1:2021 · IEC 60502-2:2014","절연 두께 표의 적용 단면적 범위","6/10 kV","16","mm²","원문 대조 필요","","","","",""
"등급별 최소 도체 단면적","minSize","8.7/15","IEC 60502-1:2021 · IEC 60502-2:2014","절연 두께 표의 적용 단면적 범위","8.7/15 kV","25","mm²","원문 대조 필요","","","","",""
"등급별 최소 도체 단면적","minSize","12/20","IEC 60502-1:2021 · IEC 60502-2:2014","절연 두께 표의 적용 단면적 범위","12/20 kV","35","mm²","원문 대조 필요","","","","",""
"등급별 최소 도체 단면적","minSize","18/30","IEC 60502-1:2021 · IEC 60502-2:2014","절연 두께 표의 적용 단면적 범위","18/30 kV","50","mm²","원문 대조 필요","","","","",""
"정기 시험 상용주파 전압 (5분)","testVoltage","0.6/1","IEC 60502-1:2021 · IEC 60502-2:2014","정기 시험 · 전압 시험","0.6/1 kV","3.5","kV","원문 대조 필요","","","","",""
"정기 시험 상용주파 전압 (5분)","testVoltage","1.8/3","IEC 60502-1:2021 · IEC 60502-2:2014","정기 시험 · 전압 시험","1.8/3 kV","6.5","kV","원문 대조 필요","","","","",""
"정기 시험 상용주파 전압 (5분)","testVoltage","3.6/6","IEC 60502-1:2021 · IEC 60502-2:2014","정기 시험 · 전압 시험","3.6/6 kV","12.5","kV","원문 대조 필요","","","","",""
"정기 시험 상용주파 전압 (5분)","testVoltage","6/10","IEC 60502-1:2021 · IEC 60502-2:2014","정기 시험 · 전압 시험","6/10 kV","21","kV","원문 대조 필요","","","","",""
"정기 시험 상용주파 전압 (5분)","testVoltage","8.7/15","IEC 60502-1:2021 · IEC 60502-2:2014","정기 시험 · 전압 시험","8.7/15 kV","30.5","kV","원문 대조 필요","","","","",""
"정기 시험 상용주파 전압 (5분)","testVoltage","12/20","IEC 60502-1:2021 · IEC 60502-2:2014","정기 시험 · 전압 시험","12/20 kV","42","kV","원문 대조 필요","","","","",""
"정기 시험 상용주파 전압 (5분)","testVoltage","18/30","IEC 60502-1:2021 · IEC 60502-2:2014","정기 시험 · 전압 시험","18/30 kV","63","kV","원문 대조 필요","","","","",""
"저압 절연 공칭 두께","lvInsulation","XLPE|0.6/1|16","IEC 60502-1:2021","PVC · XLPE 절연 공칭 두께 표 (단면적 구간별)","XLPE · 0.6/1 kV · 16 mm² 이하 구간","0.7","mm","공개자료 일치","","","","",""
"저압 절연 공칭 두께","lvInsulation","XLPE|0.6/1|35","IEC 60502-1:2021","PVC · XLPE 절연 공칭 두께 표 (단면적 구간별)","XLPE · 0.6/1 kV · 35 mm² 이하 구간","0.9","mm","공개자료 일치","","","","",""
"저압 절연 공칭 두께","lvInsulation","XLPE|0.6/1|50","IEC 60502-1:2021","PVC · XLPE 절연 공칭 두께 표 (단면적 구간별)","XLPE · 0.6/1 kV · 50 mm² 이하 구간","1.0","mm","공개자료 일치","","","","",""
"저압 절연 공칭 두께","lvInsulation","XLPE|0.6/1|95","IEC 60502-1:2021","PVC · XLPE 절연 공칭 두께 표 (단면적 구간별)","XLPE · 0.6/1 kV · 95 mm² 이하 구간","1.1","mm","공개자료 일치","","","","",""
"저압 절연 공칭 두께","lvInsulation","XLPE|0.6/1|120","IEC 60502-1:2021","PVC · XLPE 절연 공칭 두께 표 (단면적 구간별)","XLPE · 0.6/1 kV · 120 mm² 이하 구간","1.2","mm","공개자료 일치","","","","",""
"저압 절연 공칭 두께","lvInsulation","XLPE|0.6/1|150","IEC 60502-1:2021","PVC · XLPE 절연 공칭 두께 표 (단면적 구간별)","XLPE · 0.6/1 kV · 150 mm² 이하 구간","1.4","mm","공개자료 일치","","","","",""
"저압 절연 공칭 두께","lvInsulation","XLPE|0.6/1|185","IEC 60502-1:2021","PVC · XLPE 절연 공칭 두께 표 (단면적 구간별)","XLPE · 0.6/1 kV · 185 mm² 이하 구간","1.6","mm","공개자료 일치","","","","",""
"저압 절연 공칭 두께","lvInsulation","XLPE|0.6/1|240","IEC 60502-1:2021","PVC · XLPE 절연 공칭 두께 표 (단면적 구간별)","XLPE · 0.6/1 kV · 240 mm² 이하 구간","1.7","mm","공개자료 일치","","","","",""
"저압 절연 공칭 두께","lvInsulation","XLPE|0.6/1|300","IEC 60502-1:2021","PVC · XLPE 절연 공칭 두께 표 (단면적 구간별)","XLPE · 0.6/1 kV · 300 mm² 이하 구간","1.8","mm","공개자료 일치","","","","",""
"저압 절연 공칭 두께","lvInsulation","XLPE|0.6/1|400","IEC 60502-1:2021","PVC · XLPE 절연 공칭 두께 표 (단면적 구간별)","XLPE · 0.6/1 kV · 400 mm² 이하 구간","2.0","mm","공개자료 일치","","","","",""
"저압 절연 공칭 두께","lvInsulation","XLPE|0.6/1|500","IEC 60502-1:2021","PVC · XLPE 절연 공칭 두께 표 (단면적 구간별)","XLPE · 0.6/1 kV · 500 mm² 이하 구간","2.2","mm","공개자료 일치","","","","",""
"저압 절연 공칭 두께","lvInsulation","XLPE|0.6/1|630","IEC 60502-1:2021","PVC · XLPE 절연 공칭 두께 표 (단면적 구간별)","XLPE · 0.6/1 kV · 630 mm² 이하 구간","2.4","mm","공개자료 일치","","","","",""
"저압 절연 공칭 두께","lvInsulation","XLPE|0.6/1|800","IEC 60502-1:2021","PVC · XLPE 절연 공칭 두께 표 (단면적 구간별)","XLPE · 0.6/1 kV · 800 mm² 이하 구간","2.6","mm","공개자료 일치","","","","",""
"저압 절연 공칭 두께","lvInsulation","XLPE|0.6/1|1000","IEC 60502-1:2021","PVC · XLPE 절연 공칭 두께 표 (단면적 구간별)","XLPE · 0.6/1 kV · 1000 mm² 이하 구간","2.8","mm","공개자료 일치","","","","",""
"저압 절연 공칭 두께","lvInsulation","XLPE|1.8/3|400","IEC 60502-1:2021","PVC · XLPE 절연 공칭 두께 표 (단면적 구간별)","XLPE · 1.8/3 kV · 400 mm² 이하 구간","2.0","mm","원문 대조 필요","","","","",""
"저압 절연 공칭 두께","lvInsulation","XLPE|1.8/3|500","IEC 60502-1:2021","PVC · XLPE 절연 공칭 두께 표 (단면적 구간별)","XLPE · 1.8/3 kV · 500 mm² 이하 구간","2.2","mm","원문 대조 필요","","","","",""
"저압 절연 공칭 두께","lvInsulation","XLPE|1.8/3|630","IEC 60502-1:2021","PVC · XLPE 절연 공칭 두께 표 (단면적 구간별)","XLPE · 1.8/3 kV · 630 mm² 이하 구간","2.4","mm","원문 대조 필요","","","","",""
"저압 절연 공칭 두께","lvInsulation","XLPE|1.8/3|800","IEC 60502-1:2021","PVC · XLPE 절연 공칭 두께 표 (단면적 구간별)","XLPE · 1.8/3 kV · 800 mm² 이하 구간","2.6","mm","원문 대조 필요","","","","",""
"저압 절연 공칭 두께","lvInsulation","XLPE|1.8/3|1000","IEC 60502-1:2021","PVC · XLPE 절연 공칭 두께 표 (단면적 구간별)","XLPE · 1.8/3 kV · 1000 mm² 이하 구간","2.8","mm","원문 대조 필요","","","","",""
"저압 절연 공칭 두께","lvInsulation","PVC|0.6/1|2.5","IEC 60502-1:2021","PVC · XLPE 절연 공칭 두께 표 (단면적 구간별)","PVC · 0.6/1 kV · 2.5 mm² 이하 구간","0.8","mm","원문 대조 필요","","","","",""
"저압 절연 공칭 두께","lvInsulation","PVC|0.6/1|16","IEC 60502-1:2021","PVC · XLPE 절연 공칭 두께 표 (단면적 구간별)","PVC · 0.6/1 kV · 16 mm² 이하 구간","1.0","mm","원문 대조 필요","","","","",""
"저압 절연 공칭 두께","lvInsulation","PVC|0.6/1|35","IEC 60502-1:2021","PVC · XLPE 절연 공칭 두께 표 (단면적 구간별)","PVC · 0.6/1 kV · 35 mm² 이하 구간","1.2","mm","원문 대조 필요","","","","",""
"저압 절연 공칭 두께","lvInsulation","PVC|0.6/1|70","IEC 60502-1:2021","PVC · XLPE 절연 공칭 두께 표 (단면적 구간별)","PVC · 0.6/1 kV · 70 mm² 이하 구간","1.4","mm","원문 대조 필요","","","","",""
"저압 절연 공칭 두께","lvInsulation","PVC|0.6/1|120","IEC 60502-1:2021","PVC · XLPE 절연 공칭 두께 표 (단면적 구간별)","PVC · 0.6/1 kV · 120 mm² 이하 구간","1.6","mm","원문 대조 필요","","","","",""
"저압 절연 공칭 두께","lvInsulation","PVC|0.6/1|150","IEC 60502-1:2021","PVC · XLPE 절연 공칭 두께 표 (단면적 구간별)","PVC · 0.6/1 kV · 150 mm² 이하 구간","1.8","mm","원문 대조 필요","","","","",""
"저압 절연 공칭 두께","lvInsulation","PVC|0.6/1|185","IEC 60502-1:2021","PVC · XLPE 절연 공칭 두께 표 (단면적 구간별)","PVC · 0.6/1 kV · 185 mm² 이하 구간","2.0","mm","원문 대조 필요","","","","",""
"저압 절연 공칭 두께","lvInsulation","PVC|0.6/1|240","IEC 60502-1:2021","PVC · XLPE 절연 공칭 두께 표 (단면적 구간별)","PVC · 0.6/1 kV · 240 mm² 이하 구간","2.2","mm","원문 대조 필요","","","","",""
"저압 절연 공칭 두께","lvInsulation","PVC|0.6/1|300","IEC 60502-1:2021","PVC · XLPE 절연 공칭 두께 표 (단면적 구간별)","PVC · 0.6/1 kV · 300 mm² 이하 구간","2.4","mm","원문 대조 필요","","","","",""
"저압 절연 공칭 두께","lvInsulation","PVC|0.6/1|400","IEC 60502-1:2021","PVC · XLPE 절연 공칭 두께 표 (단면적 구간별)","PVC · 0.6/1 kV · 400 mm² 이하 구간","2.6","mm","원문 대조 필요","","","","",""
"저압 절연 공칭 두께","lvInsulation","PVC|0.6/1|800","IEC 60502-1:2021","PVC · XLPE 절연 공칭 두께 표 (단면적 구간별)","PVC · 0.6/1 kV · 800 mm² 이하 구간","2.8","mm","원문 대조 필요","","","","",""
"저압 절연 공칭 두께","lvInsulation","PVC|0.6/1|1000","IEC 60502-1:2021","PVC · XLPE 절연 공칭 두께 표 (단면적 구간별)","PVC · 0.6/1 kV · 1000 mm² 이하 구간","3.0","mm","원문 대조 필요","","","","",""
"저압 절연 공칭 두께","lvInsulation","PVC|1.8/3|240","IEC 60502-1:2021","PVC · XLPE 절연 공칭 두께 표 (단면적 구간별)","PVC · 1.8/3 kV · 240 mm² 이하 구간","2.2","mm","원문 대조 필요","","","","",""
"저압 절연 공칭 두께","lvInsulation","PVC|1.8/3|300","IEC 60502-1:2021","PVC · XLPE 절연 공칭 두께 표 (단면적 구간별)","PVC · 1.8/3 kV · 300 mm² 이하 구간","2.4","mm","원문 대조 필요","","","","",""
"저압 절연 공칭 두께","lvInsulation","PVC|1.8/3|400","IEC 60502-1:2021","PVC · XLPE 절연 공칭 두께 표 (단면적 구간별)","PVC · 1.8/3 kV · 400 mm² 이하 구간","2.6","mm","원문 대조 필요","","","","",""
"저압 절연 공칭 두께","lvInsulation","PVC|1.8/3|800","IEC 60502-1:2021","PVC · XLPE 절연 공칭 두께 표 (단면적 구간별)","PVC · 1.8/3 kV · 800 mm² 이하 구간","2.8","mm","원문 대조 필요","","","","",""
"저압 절연 공칭 두께","lvInsulation","PVC|1.8/3|1000","IEC 60502-1:2021","PVC · XLPE 절연 공칭 두께 표 (단면적 구간별)","PVC · 1.8/3 kV · 1000 mm² 이하 구간","3.0","mm","원문 대조 필요","","","","",""
"도체 최대 직류저항 20 °C (class 1 · 2)","r60228","CU|1.5","IEC 60228:2004","원형 · 성형 도체 최대 저항 표 (연동 비도금 · 알루미늄)","연동 · 1.5 mm²","12.1","Ω/km","원문 대조 필요","","","","",""
"도체 최대 직류저항 20 °C (class 1 · 2)","r60228","CU|2.5","IEC 60228:2004","원형 · 성형 도체 최대 저항 표 (연동 비도금 · 알루미늄)","연동 · 2.5 mm²","7.41","Ω/km","원문 대조 필요","","","","",""
"도체 최대 직류저항 20 °C (class 1 · 2)","r60228","CU|4","IEC 60228:2004","원형 · 성형 도체 최대 저항 표 (연동 비도금 · 알루미늄)","연동 · 4 mm²","4.61","Ω/km","원문 대조 필요","","","","",""
"도체 최대 직류저항 20 °C (class 1 · 2)","r60228","CU|6","IEC 60228:2004","원형 · 성형 도체 최대 저항 표 (연동 비도금 · 알루미늄)","연동 · 6 mm²","3.08","Ω/km","원문 대조 필요","","","","",""
"도체 최대 직류저항 20 °C (class 1 · 2)","r60228","CU|10","IEC 60228:2004","원형 · 성형 도체 최대 저항 표 (연동 비도금 · 알루미늄)","연동 · 10 mm²","1.83","Ω/km","원문 대조 필요","","","","",""
"도체 최대 직류저항 20 °C (class 1 · 2)","r60228","CU|16","IEC 60228:2004","원형 · 성형 도체 최대 저항 표 (연동 비도금 · 알루미늄)","연동 · 16 mm²","1.15","Ω/km","원문 대조 필요","","","","",""
"도체 최대 직류저항 20 °C (class 1 · 2)","r60228","CU|25","IEC 60228:2004","원형 · 성형 도체 최대 저항 표 (연동 비도금 · 알루미늄)","연동 · 25 mm²","0.727","Ω/km","원문 대조 필요","","","","",""
"도체 최대 직류저항 20 °C (class 1 · 2)","r60228","CU|35","IEC 60228:2004","원형 · 성형 도체 최대 저항 표 (연동 비도금 · 알루미늄)","연동 · 35 mm²","0.524","Ω/km","원문 대조 필요","","","","",""
"도체 최대 직류저항 20 °C (class 1 · 2)","r60228","CU|50","IEC 60228:2004","원형 · 성형 도체 최대 저항 표 (연동 비도금 · 알루미늄)","연동 · 50 mm²","0.387","Ω/km","원문 대조 필요","","","","",""
"도체 최대 직류저항 20 °C (class 1 · 2)","r60228","CU|70","IEC 60228:2004","원형 · 성형 도체 최대 저항 표 (연동 비도금 · 알루미늄)","연동 · 70 mm²","0.268","Ω/km","원문 대조 필요","","","","",""
"도체 최대 직류저항 20 °C (class 1 · 2)","r60228","CU|95","IEC 60228:2004","원형 · 성형 도체 최대 저항 표 (연동 비도금 · 알루미늄)","연동 · 95 mm²","0.193","Ω/km","원문 대조 필요","","","","",""
"도체 최대 직류저항 20 °C (class 1 · 2)","r60228","CU|120","IEC 60228:2004","원형 · 성형 도체 최대 저항 표 (연동 비도금 · 알루미늄)","연동 · 120 mm²","0.153","Ω/km","원문 대조 필요","","","","",""
"도체 최대 직류저항 20 °C (class 1 · 2)","r60228","CU|150","IEC 60228:2004","원형 · 성형 도체 최대 저항 표 (연동 비도금 · 알루미늄)","연동 · 150 mm²","0.124","Ω/km","원문 대조 필요","","","","",""
"도체 최대 직류저항 20 °C (class 1 · 2)","r60228","CU|185","IEC 60228:2004","원형 · 성형 도체 최대 저항 표 (연동 비도금 · 알루미늄)","연동 · 185 mm²","0.0991","Ω/km","원문 대조 필요","","","","",""
"도체 최대 직류저항 20 °C (class 1 · 2)","r60228","CU|240","IEC 60228:2004","원형 · 성형 도체 최대 저항 표 (연동 비도금 · 알루미늄)","연동 · 240 mm²","0.0754","Ω/km","원문 대조 필요","","","","",""
"도체 최대 직류저항 20 °C (class 1 · 2)","r60228","CU|300","IEC 60228:2004","원형 · 성형 도체 최대 저항 표 (연동 비도금 · 알루미늄)","연동 · 300 mm²","0.0601","Ω/km","원문 대조 필요","","","","",""
"도체 최대 직류저항 20 °C (class 1 · 2)","r60228","CU|400","IEC 60228:2004","원형 · 성형 도체 최대 저항 표 (연동 비도금 · 알루미늄)","연동 · 400 mm²","0.0470","Ω/km","원문 대조 필요","","","","",""
"도체 최대 직류저항 20 °C (class 1 · 2)","r60228","CU|500","IEC 60228:2004","원형 · 성형 도체 최대 저항 표 (연동 비도금 · 알루미늄)","연동 · 500 mm²","0.0366","Ω/km","원문 대조 필요","","","","",""
"도체 최대 직류저항 20 °C (class 1 · 2)","r60228","CU|630","IEC 60228:2004","원형 · 성형 도체 최대 저항 표 (연동 비도금 · 알루미늄)","연동 · 630 mm²","0.0283","Ω/km","원문 대조 필요","","","","",""
"도체 최대 직류저항 20 °C (class 1 · 2)","r60228","CU|800","IEC 60228:2004","원형 · 성형 도체 최대 저항 표 (연동 비도금 · 알루미늄)","연동 · 800 mm²","0.0221","Ω/km","원문 대조 필요","","","","",""
"도체 최대 직류저항 20 °C (class 1 · 2)","r60228","CU|1000","IEC 60228:2004","원형 · 성형 도체 최대 저항 표 (연동 비도금 · 알루미늄)","연동 · 1000 mm²","0.0176","Ω/km","원문 대조 필요","","","","",""
"도체 최대 직류저항 20 °C (class 1 · 2)","r60228","CU|1200","IEC 60228:2004","원형 · 성형 도체 최대 저항 표 (연동 비도금 · 알루미늄)","연동 · 1200 mm²","0.0151","Ω/km","원문 대조 필요","","","","",""
"도체 최대 직류저항 20 °C (class 1 · 2)","r60228","CU|1400","IEC 60228:2004","원형 · 성형 도체 최대 저항 표 (연동 비도금 · 알루미늄)","연동 · 1400 mm²","0.0129","Ω/km","원문 대조 필요","","","","",""
"도체 최대 직류저항 20 °C (class 1 · 2)","r60228","CU|1600","IEC 60228:2004","원형 · 성형 도체 최대 저항 표 (연동 비도금 · 알루미늄)","연동 · 1600 mm²","0.0113","Ω/km","원문 대조 필요","","","","",""
"도체 최대 직류저항 20 °C (class 1 · 2)","r60228","CU|1800","IEC 60228:2004","원형 · 성형 도체 최대 저항 표 (연동 비도금 · 알루미늄)","연동 · 1800 mm²","0.0101","Ω/km","원문 대조 필요","","","","",""
"도체 최대 직류저항 20 °C (class 1 · 2)","r60228","CU|2000","IEC 60228:2004","원형 · 성형 도체 최대 저항 표 (연동 비도금 · 알루미늄)","연동 · 2000 mm²","0.0090","Ω/km","원문 대조 필요","","","","",""
"도체 최대 직류저항 20 °C (class 1 · 2)","r60228","CU|2500","IEC 60228:2004","원형 · 성형 도체 최대 저항 표 (연동 비도금 · 알루미늄)","연동 · 2500 mm²","0.0072","Ω/km","원문 대조 필요","","","","",""
"도체 최대 직류저항 20 °C (class 1 · 2)","r60228","AL|10","IEC 60228:2004","원형 · 성형 도체 최대 저항 표 (연동 비도금 · 알루미늄)","알루미늄 · 10 mm²","3.08","Ω/km","원문 대조 필요","","","","",""
"도체 최대 직류저항 20 °C (class 1 · 2)","r60228","AL|16","IEC 60228:2004","원형 · 성형 도체 최대 저항 표 (연동 비도금 · 알루미늄)","알루미늄 · 16 mm²","1.91","Ω/km","원문 대조 필요","","","","",""
"도체 최대 직류저항 20 °C (class 1 · 2)","r60228","AL|25","IEC 60228:2004","원형 · 성형 도체 최대 저항 표 (연동 비도금 · 알루미늄)","알루미늄 · 25 mm²","1.20","Ω/km","원문 대조 필요","","","","",""
"도체 최대 직류저항 20 °C (class 1 · 2)","r60228","AL|35","IEC 60228:2004","원형 · 성형 도체 최대 저항 표 (연동 비도금 · 알루미늄)","알루미늄 · 35 mm²","0.868","Ω/km","원문 대조 필요","","","","",""
"도체 최대 직류저항 20 °C (class 1 · 2)","r60228","AL|50","IEC 60228:2004","원형 · 성형 도체 최대 저항 표 (연동 비도금 · 알루미늄)","알루미늄 · 50 mm²","0.641","Ω/km","원문 대조 필요","","","","",""
"도체 최대 직류저항 20 °C (class 1 · 2)","r60228","AL|70","IEC 60228:2004","원형 · 성형 도체 최대 저항 표 (연동 비도금 · 알루미늄)","알루미늄 · 70 mm²","0.443","Ω/km","원문 대조 필요","","","","",""
"도체 최대 직류저항 20 °C (class 1 · 2)","r60228","AL|95","IEC 60228:2004","원형 · 성형 도체 최대 저항 표 (연동 비도금 · 알루미늄)","알루미늄 · 95 mm²","0.320","Ω/km","원문 대조 필요","","","","",""
"도체 최대 직류저항 20 °C (class 1 · 2)","r60228","AL|120","IEC 60228:2004","원형 · 성형 도체 최대 저항 표 (연동 비도금 · 알루미늄)","알루미늄 · 120 mm²","0.253","Ω/km","원문 대조 필요","","","","",""
"도체 최대 직류저항 20 °C (class 1 · 2)","r60228","AL|150","IEC 60228:2004","원형 · 성형 도체 최대 저항 표 (연동 비도금 · 알루미늄)","알루미늄 · 150 mm²","0.206","Ω/km","원문 대조 필요","","","","",""
"도체 최대 직류저항 20 °C (class 1 · 2)","r60228","AL|185","IEC 60228:2004","원형 · 성형 도체 최대 저항 표 (연동 비도금 · 알루미늄)","알루미늄 · 185 mm²","0.164","Ω/km","원문 대조 필요","","","","",""
"도체 최대 직류저항 20 °C (class 1 · 2)","r60228","AL|240","IEC 60228:2004","원형 · 성형 도체 최대 저항 표 (연동 비도금 · 알루미늄)","알루미늄 · 240 mm²","0.125","Ω/km","원문 대조 필요","","","","",""
"도체 최대 직류저항 20 °C (class 1 · 2)","r60228","AL|300","IEC 60228:2004","원형 · 성형 도체 최대 저항 표 (연동 비도금 · 알루미늄)","알루미늄 · 300 mm²","0.100","Ω/km","원문 대조 필요","","","","",""
"도체 최대 직류저항 20 °C (class 1 · 2)","r60228","AL|400","IEC 60228:2004","원형 · 성형 도체 최대 저항 표 (연동 비도금 · 알루미늄)","알루미늄 · 400 mm²","0.0778","Ω/km","원문 대조 필요","","","","",""
"도체 최대 직류저항 20 °C (class 1 · 2)","r60228","AL|500","IEC 60228:2004","원형 · 성형 도체 최대 저항 표 (연동 비도금 · 알루미늄)","알루미늄 · 500 mm²","0.0605","Ω/km","원문 대조 필요","","","","",""
"도체 최대 직류저항 20 °C (class 1 · 2)","r60228","AL|630","IEC 60228:2004","원형 · 성형 도체 최대 저항 표 (연동 비도금 · 알루미늄)","알루미늄 · 630 mm²","0.0469","Ω/km","원문 대조 필요","","","","",""
"도체 최대 직류저항 20 °C (class 1 · 2)","r60228","AL|800","IEC 60228:2004","원형 · 성형 도체 최대 저항 표 (연동 비도금 · 알루미늄)","알루미늄 · 800 mm²","0.0367","Ω/km","원문 대조 필요","","","","",""
"도체 최대 직류저항 20 °C (class 1 · 2)","r60228","AL|1000","IEC 60228:2004","원형 · 성형 도체 최대 저항 표 (연동 비도금 · 알루미늄)","알루미늄 · 1000 mm²","0.0291","Ω/km","원문 대조 필요","","","","",""
"도체 최대 직류저항 20 °C (class 1 · 2)","r60228","AL|1200","IEC 60228:2004","원형 · 성형 도체 최대 저항 표 (연동 비도금 · 알루미늄)","알루미늄 · 1200 mm²","0.0247","Ω/km","원문 대조 필요","","","","",""
"도체 최대 직류저항 20 °C (class 1 · 2)","r60228","AL|1400","IEC 60228:2004","원형 · 성형 도체 최대 저항 표 (연동 비도금 · 알루미늄)","알루미늄 · 1400 mm²","0.0212","Ω/km","원문 대조 필요","","","","",""
"도체 최대 직류저항 20 °C (class 1 · 2)","r60228","AL|1600","IEC 60228:2004","원형 · 성형 도체 최대 저항 표 (연동 비도금 · 알루미늄)","알루미늄 · 1600 mm²","0.0186","Ω/km","원문 대조 필요","","","","",""
"도체 최대 직류저항 20 °C (class 1 · 2)","r60228","AL|1800","IEC 60228:2004","원형 · 성형 도체 최대 저항 표 (연동 비도금 · 알루미늄)","알루미늄 · 1800 mm²","0.0165","Ω/km","원문 대조 필요","","","","",""
"도체 최대 직류저항 20 °C (class 1 · 2)","r60228","AL|2000","IEC 60228:2004","원형 · 성형 도체 최대 저항 표 (연동 비도금 · 알루미늄)","알루미늄 · 2000 mm²","0.0149","Ω/km","원문 대조 필요","","","","",""
"도체 최대 직류저항 20 °C (class 1 · 2)","r60228","AL|2500","IEC 60228:2004","원형 · 성형 도체 최대 저항 표 (연동 비도금 · 알루미늄)","알루미늄 · 2500 mm²","0.0127","Ω/km","원문 대조 필요","","","","",""
"원형 연선 최소 소선 수 (class 2)","wiresMin","round|1.5","IEC 60228:2004","class 2 도체 최소 소선 수 표 (비압축 · 압축 원형)","원형 비압축 · 1.5 mm²","7","가닥","원문 대조 필요","","","","",""
"원형 연선 최소 소선 수 (class 2)","wiresMin","round|2.5","IEC 60228:2004","class 2 도체 최소 소선 수 표 (비압축 · 압축 원형)","원형 비압축 · 2.5 mm²","7","가닥","원문 대조 필요","","","","",""
"원형 연선 최소 소선 수 (class 2)","wiresMin","round|4","IEC 60228:2004","class 2 도체 최소 소선 수 표 (비압축 · 압축 원형)","원형 비압축 · 4 mm²","7","가닥","원문 대조 필요","","","","",""
"원형 연선 최소 소선 수 (class 2)","wiresMin","round|6","IEC 60228:2004","class 2 도체 최소 소선 수 표 (비압축 · 압축 원형)","원형 비압축 · 6 mm²","7","가닥","원문 대조 필요","","","","",""
"원형 연선 최소 소선 수 (class 2)","wiresMin","round|10","IEC 60228:2004","class 2 도체 최소 소선 수 표 (비압축 · 압축 원형)","원형 비압축 · 10 mm²","7","가닥","원문 대조 필요","","","","",""
"원형 연선 최소 소선 수 (class 2)","wiresMin","round|16","IEC 60228:2004","class 2 도체 최소 소선 수 표 (비압축 · 압축 원형)","원형 비압축 · 16 mm²","7","가닥","원문 대조 필요","","","","",""
"원형 연선 최소 소선 수 (class 2)","wiresMin","round|25","IEC 60228:2004","class 2 도체 최소 소선 수 표 (비압축 · 압축 원형)","원형 비압축 · 25 mm²","7","가닥","원문 대조 필요","","","","",""
"원형 연선 최소 소선 수 (class 2)","wiresMin","round|35","IEC 60228:2004","class 2 도체 최소 소선 수 표 (비압축 · 압축 원형)","원형 비압축 · 35 mm²","7","가닥","원문 대조 필요","","","","",""
"원형 연선 최소 소선 수 (class 2)","wiresMin","round|50","IEC 60228:2004","class 2 도체 최소 소선 수 표 (비압축 · 압축 원형)","원형 비압축 · 50 mm²","19","가닥","원문 대조 필요","","","","",""
"원형 연선 최소 소선 수 (class 2)","wiresMin","round|70","IEC 60228:2004","class 2 도체 최소 소선 수 표 (비압축 · 압축 원형)","원형 비압축 · 70 mm²","19","가닥","원문 대조 필요","","","","",""
"원형 연선 최소 소선 수 (class 2)","wiresMin","round|95","IEC 60228:2004","class 2 도체 최소 소선 수 표 (비압축 · 압축 원형)","원형 비압축 · 95 mm²","19","가닥","원문 대조 필요","","","","",""
"원형 연선 최소 소선 수 (class 2)","wiresMin","round|120","IEC 60228:2004","class 2 도체 최소 소선 수 표 (비압축 · 압축 원형)","원형 비압축 · 120 mm²","37","가닥","원문 대조 필요","","","","",""
"원형 연선 최소 소선 수 (class 2)","wiresMin","round|150","IEC 60228:2004","class 2 도체 최소 소선 수 표 (비압축 · 압축 원형)","원형 비압축 · 150 mm²","37","가닥","원문 대조 필요","","","","",""
"원형 연선 최소 소선 수 (class 2)","wiresMin","round|185","IEC 60228:2004","class 2 도체 최소 소선 수 표 (비압축 · 압축 원형)","원형 비압축 · 185 mm²","37","가닥","원문 대조 필요","","","","",""
"원형 연선 최소 소선 수 (class 2)","wiresMin","round|240","IEC 60228:2004","class 2 도체 최소 소선 수 표 (비압축 · 압축 원형)","원형 비압축 · 240 mm²","61","가닥","원문 대조 필요","","","","",""
"원형 연선 최소 소선 수 (class 2)","wiresMin","round|300","IEC 60228:2004","class 2 도체 최소 소선 수 표 (비압축 · 압축 원형)","원형 비압축 · 300 mm²","61","가닥","원문 대조 필요","","","","",""
"원형 연선 최소 소선 수 (class 2)","wiresMin","round|400","IEC 60228:2004","class 2 도체 최소 소선 수 표 (비압축 · 압축 원형)","원형 비압축 · 400 mm²","61","가닥","원문 대조 필요","","","","",""
"원형 연선 최소 소선 수 (class 2)","wiresMin","round|500","IEC 60228:2004","class 2 도체 최소 소선 수 표 (비압축 · 압축 원형)","원형 비압축 · 500 mm²","61","가닥","원문 대조 필요","","","","",""
"원형 연선 최소 소선 수 (class 2)","wiresMin","round|630","IEC 60228:2004","class 2 도체 최소 소선 수 표 (비압축 · 압축 원형)","원형 비압축 · 630 mm²","91","가닥","원문 대조 필요","","","","",""
"원형 연선 최소 소선 수 (class 2)","wiresMin","round|800","IEC 60228:2004","class 2 도체 최소 소선 수 표 (비압축 · 압축 원형)","원형 비압축 · 800 mm²","91","가닥","원문 대조 필요","","","","",""
"원형 연선 최소 소선 수 (class 2)","wiresMin","round|1000","IEC 60228:2004","class 2 도체 최소 소선 수 표 (비압축 · 압축 원형)","원형 비압축 · 1000 mm²","91","가닥","원문 대조 필요","","","","",""
"원형 연선 최소 소선 수 (class 2)","wiresMin","compact|10","IEC 60228:2004","class 2 도체 최소 소선 수 표 (비압축 · 압축 원형)","원형 압축 · 10 mm²","6","가닥","원문 대조 필요","","","","",""
"원형 연선 최소 소선 수 (class 2)","wiresMin","compact|16","IEC 60228:2004","class 2 도체 최소 소선 수 표 (비압축 · 압축 원형)","원형 압축 · 16 mm²","6","가닥","원문 대조 필요","","","","",""
"원형 연선 최소 소선 수 (class 2)","wiresMin","compact|25","IEC 60228:2004","class 2 도체 최소 소선 수 표 (비압축 · 압축 원형)","원형 압축 · 25 mm²","6","가닥","원문 대조 필요","","","","",""
"원형 연선 최소 소선 수 (class 2)","wiresMin","compact|35","IEC 60228:2004","class 2 도체 최소 소선 수 표 (비압축 · 압축 원형)","원형 압축 · 35 mm²","6","가닥","원문 대조 필요","","","","",""
"원형 연선 최소 소선 수 (class 2)","wiresMin","compact|50","IEC 60228:2004","class 2 도체 최소 소선 수 표 (비압축 · 압축 원형)","원형 압축 · 50 mm²","6","가닥","원문 대조 필요","","","","",""
"원형 연선 최소 소선 수 (class 2)","wiresMin","compact|70","IEC 60228:2004","class 2 도체 최소 소선 수 표 (비압축 · 압축 원형)","원형 압축 · 70 mm²","12","가닥","원문 대조 필요","","","","",""
"원형 연선 최소 소선 수 (class 2)","wiresMin","compact|95","IEC 60228:2004","class 2 도체 최소 소선 수 표 (비압축 · 압축 원형)","원형 압축 · 95 mm²","15","가닥","원문 대조 필요","","","","",""
"원형 연선 최소 소선 수 (class 2)","wiresMin","compact|120","IEC 60228:2004","class 2 도체 최소 소선 수 표 (비압축 · 압축 원형)","원형 압축 · 120 mm²","18","가닥","원문 대조 필요","","","","",""
"원형 연선 최소 소선 수 (class 2)","wiresMin","compact|150","IEC 60228:2004","class 2 도체 최소 소선 수 표 (비압축 · 압축 원형)","원형 압축 · 150 mm²","18","가닥","원문 대조 필요","","","","",""
"원형 연선 최소 소선 수 (class 2)","wiresMin","compact|185","IEC 60228:2004","class 2 도체 최소 소선 수 표 (비압축 · 압축 원형)","원형 압축 · 185 mm²","30","가닥","원문 대조 필요","","","","",""
"원형 연선 최소 소선 수 (class 2)","wiresMin","compact|240","IEC 60228:2004","class 2 도체 최소 소선 수 표 (비압축 · 압축 원형)","원형 압축 · 240 mm²","34","가닥","원문 대조 필요","","","","",""
"원형 연선 최소 소선 수 (class 2)","wiresMin","compact|300","IEC 60228:2004","class 2 도체 최소 소선 수 표 (비압축 · 압축 원형)","원형 압축 · 300 mm²","34","가닥","원문 대조 필요","","","","",""
"원형 연선 최소 소선 수 (class 2)","wiresMin","compact|400","IEC 60228:2004","class 2 도체 최소 소선 수 표 (비압축 · 압축 원형)","원형 압축 · 400 mm²","53","가닥","원문 대조 필요","","","","",""
"원형 연선 최소 소선 수 (class 2)","wiresMin","compact|500","IEC 60228:2004","class 2 도체 최소 소선 수 표 (비압축 · 압축 원형)","원형 압축 · 500 mm²","53","가닥","원문 대조 필요","","","","",""
"원형 연선 최소 소선 수 (class 2)","wiresMin","compact|630","IEC 60228:2004","class 2 도체 최소 소선 수 표 (비압축 · 압축 원형)","원형 압축 · 630 mm²","53","가닥","원문 대조 필요","","","","",""
"원형 연선 최소 소선 수 (class 2)","wiresMin","compact|800","IEC 60228:2004","class 2 도체 최소 소선 수 표 (비압축 · 압축 원형)","원형 압축 · 800 mm²","53","가닥","원문 대조 필요","","","","",""
"원형 연선 최소 소선 수 (class 2)","wiresMin","compact|1000","IEC 60228:2004","class 2 도체 최소 소선 수 표 (비압축 · 압축 원형)","원형 압축 · 1000 mm²","53","가닥","원문 대조 필요","","","","",""
"절연 최소 두께 규칙 (공칭 × 계수 − 차감)","insulationMin","factor","IEC 60502-1:2021 · IEC 60502-2:2014","절연 두께 측정 · 판정 조건","계수","0.9","","원문 대조 필요","","","","",""
"절연 최소 두께 규칙 (공칭 × 계수 − 차감)","insulationMin","minus","IEC 60502-1:2021 · IEC 60502-2:2014","절연 두께 측정 · 판정 조건","차감 (mm)","0.1","","원문 대조 필요","","","","",""
"외부 시스 공칭 두께 식 (a·D + b, 하한)","sheathNominal","a","IEC 60502-1:2021 · IEC 60502-2:2014","비금속 외부 시스 공칭 두께 · D는 시스 바로 아래 가상 직경","직경 계수 a","0.035","","공개자료 일치","","","","",""
"외부 시스 공칭 두께 식 (a·D + b, 하한)","sheathNominal","b","IEC 60502-1:2021 · IEC 60502-2:2014","비금속 외부 시스 공칭 두께 · D는 시스 바로 아래 가상 직경","상수 b (mm)","1.0","","공개자료 일치","","","","",""
"외부 시스 공칭 두께 식 (a·D + b, 하한)","sheathNominal","floorSingle","IEC 60502-1:2021 · IEC 60502-2:2014","비금속 외부 시스 공칭 두께 · D는 시스 바로 아래 가상 직경","하한 (단심 · 금속층 없음, mm)","1.4","","공개자료 일치","","","","",""
"외부 시스 공칭 두께 식 (a·D + b, 하한)","sheathNominal","floorMulti","IEC 60502-1:2021 · IEC 60502-2:2014","비금속 외부 시스 공칭 두께 · D는 시스 바로 아래 가상 직경","하한 (다심 또는 금속층 위, mm)","1.8","","공개자료 일치","","","","",""
"외부 시스 최소 두께 규칙","sheathMin","smoothFactor","IEC 60502-1:2021 · IEC 60502-2:2014","시스 두께 측정 · 판정 조건","매끈한 면 위 · 계수","0.85","","원문 대조 필요","","","","",""
"외부 시스 최소 두께 규칙","sheathMin","smoothMinus","IEC 60502-1:2021 · IEC 60502-2:2014","시스 두께 측정 · 판정 조건","매끈한 면 위 · 차감 (mm)","0.1","","원문 대조 필요","","","","",""
"외부 시스 최소 두께 규칙","sheathMin","irregularFactor","IEC 60502-1:2021 · IEC 60502-2:2014","시스 두께 측정 · 판정 조건","외장 · 금속층 위 · 계수","0.8","","원문 대조 필요","","","","",""
"외부 시스 최소 두께 규칙","sheathMin","irregularMinus","IEC 60502-1:2021 · IEC 60502-2:2014","시스 두께 측정 · 판정 조건","외장 · 금속층 위 · 차감 (mm)","0.2","","원문 대조 필요","","","","",""
"동심선 · 차폐선 간격 한도","wireGap","avg","IEC 60502-1:2021 · IEC 60502-2:2014","동심 도체 · 금속 차폐 (동선)","평균 간격 최대","4","mm","원문 대조 필요","","","","",""
"동심선 · 차폐선 간격 한도","wireGap","max","IEC 60502-1:2021 · IEC 60502-2:2014","동심 도체 · 금속 차폐 (동선)","개별 간격 최대","8","mm","원문 대조 필요","","","","",""
"압출 내부 피복 두께","bedding","<=25","IEC 60502-1:2021 · IEC 60502-2:2014","내부 피복 · 하부 가상 직경별 두께 표","하부 직경 25 mm 이하","1.0","mm","원문 대조 필요","","","","",""
"압출 내부 피복 두께","bedding","<=35","IEC 60502-1:2021 · IEC 60502-2:2014","내부 피복 · 하부 가상 직경별 두께 표","하부 직경 35 mm 이하","1.2","mm","원문 대조 필요","","","","",""
"압출 내부 피복 두께","bedding","<=45","IEC 60502-1:2021 · IEC 60502-2:2014","내부 피복 · 하부 가상 직경별 두께 표","하부 직경 45 mm 이하","1.4","mm","원문 대조 필요","","","","",""
"압출 내부 피복 두께","bedding","<=60","IEC 60502-1:2021 · IEC 60502-2:2014","내부 피복 · 하부 가상 직경별 두께 표","하부 직경 60 mm 이하","1.6","mm","원문 대조 필요","","","","",""
"압출 내부 피복 두께","bedding","<=80","IEC 60502-1:2021 · IEC 60502-2:2014","내부 피복 · 하부 가상 직경별 두께 표","하부 직경 80 mm 이하","1.8","mm","원문 대조 필요","","","","",""
"압출 내부 피복 두께","bedding",">80","IEC 60502-1:2021 · IEC 60502-2:2014","내부 피복 · 하부 가상 직경별 두께 표","하부 직경 그 이상","2.0","mm","원문 대조 필요","","","","",""
"원형 외장선 공칭 지름","armourWire","<=10","IEC 60502-1:2021 · IEC 60502-2:2014","외장 · 하부 가상 직경별 선 지름 표","하부 직경 10 mm 이하","0.8","mm","원문 대조 필요","","","","",""
"원형 외장선 공칭 지름","armourWire","<=15","IEC 60502-1:2021 · IEC 60502-2:2014","외장 · 하부 가상 직경별 선 지름 표","하부 직경 15 mm 이하","1.25","mm","원문 대조 필요","","","","",""
"원형 외장선 공칭 지름","armourWire","<=25","IEC 60502-1:2021 · IEC 60502-2:2014","외장 · 하부 가상 직경별 선 지름 표","하부 직경 25 mm 이하","1.6","mm","원문 대조 필요","","","","",""
"원형 외장선 공칭 지름","armourWire","<=35","IEC 60502-1:2021 · IEC 60502-2:2014","외장 · 하부 가상 직경별 선 지름 표","하부 직경 35 mm 이하","2.0","mm","원문 대조 필요","","","","",""
"원형 외장선 공칭 지름","armourWire","<=60","IEC 60502-1:2021 · IEC 60502-2:2014","외장 · 하부 가상 직경별 선 지름 표","하부 직경 60 mm 이하","2.5","mm","원문 대조 필요","","","","",""
"원형 외장선 공칭 지름","armourWire",">60","IEC 60502-1:2021 · IEC 60502-2:2014","외장 · 하부 가상 직경별 선 지름 표","하부 직경 그 이상","3.15","mm","원문 대조 필요","","","","",""
"강대 외장 공칭 두께 (1장)","armourTape","<=30","IEC 60502-1:2021 · IEC 60502-2:2014","외장 · 하부 가상 직경별 강대 두께 표","하부 직경 30 mm 이하","0.2","mm","원문 대조 필요","","","","",""
"강대 외장 공칭 두께 (1장)","armourTape","<=70","IEC 60502-1:2021 · IEC 60502-2:2014","외장 · 하부 가상 직경별 강대 두께 표","하부 직경 70 mm 이하","0.5","mm","원문 대조 필요","","","","",""
"강대 외장 공칭 두께 (1장)","armourTape",">70","IEC 60502-1:2021 · IEC 60502-2:2014","외장 · 하부 가상 직경별 강대 두께 표","하부 직경 그 이상","0.8","mm","원문 대조 필요","","","","",""
"도체 최고 허용온도","maxTemp","XLPE|normal","IEC 60502-1:2021 · IEC 60502-2:2014","절연 재료별 최고 도체 온도","XLPE 상시","90","°C","원문 대조 필요","","","","",""
"도체 최고 허용온도","maxTemp","XLPE|short","IEC 60502-1:2021 · IEC 60502-2:2014","절연 재료별 최고 도체 온도","XLPE 단락","250","°C","원문 대조 필요","","","","",""
"도체 최고 허용온도","maxTemp","EPR|normal","IEC 60502-1:2021 · IEC 60502-2:2014","절연 재료별 최고 도체 온도","EPR 상시","90","°C","원문 대조 필요","","","","",""
"도체 최고 허용온도","maxTemp","EPR|short","IEC 60502-1:2021 · IEC 60502-2:2014","절연 재료별 최고 도체 온도","EPR 단락","250","°C","원문 대조 필요","","","","",""
"도체 최고 허용온도","maxTemp","PVC|normal","IEC 60502-1:2021 · IEC 60502-2:2014","절연 재료별 최고 도체 온도","PVC 상시","70","°C","원문 대조 필요","","","","",""
"도체 최고 허용온도","maxTemp","PVC|short|<=300","IEC 60502-1:2021 · IEC 60502-2:2014","절연 재료별 최고 도체 온도","PVC 단락 · 300 mm² 이하","160","°C","원문 대조 필요","","","","",""
"도체 최고 허용온도","maxTemp","PVC|short|>300","IEC 60502-1:2021 · IEC 60502-2:2014","절연 재료별 최고 도체 온도","PVC 단락 · 300 mm² 초과","140","°C","원문 대조 필요","","","","",""
